{"cameraMode":{"drawMode":0,"name":"Shaded","section":"Shading Mode"},"sceneLighting":false,"audioPlay":false,"sceneViewState":{"showFog":false,"showMaterialUpdate":false,"showSkybox":false,"showFlares":false,"showImageEffects":false,"showParticleSystems":false},"in2DMode":false,"pivot":{"x":164.06358337402345,"y":340.8646545410156,"z":-167.83114624023438},"rotation":{"x":0.0817464292049408,"y":-0.6168256998062134,"z":0.06463012844324112,"w":0.7801717519760132},"size":210.00405883789063,"orthographic":true}